,phenotype,count
0,000011000010,108
1,111111010010,16
2,011101101101,250
3,001111100001,2073
4,110111011010,62
5,111001110111,33
6,011010011011,153
7,110111011000,40
8,100101100011,16
9,011110101111,28
10,011010011001,173
11,101111100001,5274
12,110111001000,12
13,111101110100,30
14,010010011011,529
15,101101100011,423
16,110010001011,256
17,101101011001,69
18,110110001101,29
19,011011101011,5221
20,101101110101,841
21,010011000000,80
22,001111100111,224
23,101101010001,830
24,101111111001,182
25,101101101001,223
26,111111111110,611
27,100000010000,30
28,001011000011,104
29,011011111011,353
30,010111110011,27
31,001101101111,230
32,111111101111,1066
33,001010111011,34
34,001101110001,383
35,011010101111,112
36,111000011011,36
37,101111011111,82
38,111111111111,1908
39,011011111110,86
40,010011001011,191
41,011010010010,53
42,111101111101,306
43,111011011000,11
44,101111111111,1184
45,010010010000,278
46,111111111101,1144
47,011111101111,622
48,111101111111,794
49,010110011110,32
50,110110111001,6
51,011011011010,92
52,111011101101,331
53,111011101011,235
54,000001011000,12
55,101101100001,957
56,011010011010,89
57,000010011110,19
58,011010101011,422
59,111001111101,46
60,101101111111,983
61,011111111110,140
62,101111101111,346
63,101101111000,54
64,001111100100,31
65,111111111011,246
66,010000011011,99
67,101111110111,663
68,000001000001,120
69,111111001101,90
70,101001111011,113
71,110101111111,149
72,000101000111,12
73,001101100001,1203
74,111101111011,1008
75,110010010001,118
76,000001000110,47
77,001000000001,33
78,001111100011,216
79,000111100001,29
80,111001010010,9
81,010001010010,36
82,011001100111,29
83,111111011011,48
84,011011101111,483
85,110010011010,172
86,001101100101,689
87,110010101000,7
88,011010000001,338
89,011101100101,80
90,001101101101,378
91,101101111101,486
92,010010011001,392
93,101011101101,86
94,001000100011,8
95,111001101101,31
96,011011111010,355
97,001010001111,6
98,011111111001,41
99,011010101010,111
100,010010000010,133
101,101101110001,1966
102,110011010011,22
103,101111110101,562
104,110001001010,23
105,111010111111,154
106,111101010101,199
107,011101101111,299
108,101111111100,83
109,110010001001,182
110,110110011010,74
111,001111101101,730
112,111111101101,816
113,011011000010,68
114,100010011000,43
115,010111010100,24
116,010101110100,7
117,000011000110,261
118,110111111101,103
119,011111100100,21
120,101011110011,52
121,101101111001,308
122,001001101001,51
123,111101100011,73
124,101101000001,155
125,111010101011,201
126,000001011100,5
127,011101111101,210
128,000000000011,49
129,100111100111,29
130,111011001011,86
131,001111111111,158
132,100111111110,95
133,110111111111,606
134,011010001001,302
135,001101100111,241
136,111101111010,405
137,101101101011,462
138,101101111110,494
139,001101111011,183
140,110010100011,24
141,011000101110,2
142,011011000111,98
143,101011100111,107
144,101111010110,46
145,010110000000,35
146,111111001000,9
147,111010010011,12
148,010000010011,88
149,101111111101,607
150,011101111111,209
151,101101100101,222
152,100001110011,29
153,001011001111,15
154,001011100001,501
155,010010001011,187
156,110101110111,55
157,100000000001,32
158,110100010010,9
159,101111110001,901
160,100100011011,23
161,110010011011,242
162,111111011111,208
163,010011110010,121
164,111010011011,89
165,001111101011,94
166,111101001111,27
167,101001110101,48
168,011011001011,584
169,001111100000,92
170,011011011111,91
171,010100001010,11
172,001101110101,227
173,100101111111,158
174,100000111001,5
175,101101110011,973
176,001111110101,174
177,101111111011,219
178,010101111101,40
179,110111101001,18
180,110000001010,48
181,011010111011,149
182,000011010111,42
183,011111111100,111
184,010000010100,8
185,011101101010,19
186,101000111011,68
187,110111110011,59
188,111000101000,18
189,000111100111,15
190,000101000000,79
191,001101100011,359
192,010010000001,264
193,010011100010,641
194,110111011110,53
195,111101110111,195
196,101000111010,43
197,011100011010,5
198,101001111111,85
199,110011001011,104
200,001101111101,249
201,111010101000,99
202,101111101101,299
203,001111010101,27
204,000001000000,81
205,010011100001,28
206,010110011000,174
207,101111110011,356
208,111111110101,197
209,101111111110,306
210,101111011001,26
211,101101011011,68
212,100000010011,76
213,110110011011,92
214,100001000011,92
215,011111110101,102
216,110011100100,8
217,111000010111,14
218,101010101111,43
219,101101110111,536
220,010011000101,12
221,001001101101,56
222,100000011011,51
223,100010101011,5
224,111001101001,20
225,101111110000,61
226,010111000110,14
227,011011101010,499
228,010011100011,257
229,111111111100,281
230,101001010111,20
231,011010000011,298
232,100001101010,11
233,101111010011,68
234,100111110001,28
235,101111101001,204
236,101101010100,44
237,010011011010,108
238,100111111111,167
239,110010001111,58
240,110001011011,42
241,110011011011,71
242,000011110010,35
243,010011001010,99
244,110101001111,9
245,001101110011,196
246,110101011010,49
247,101101011110,37
248,010011010111,34
249,001011110100,18
250,111111100111,174
251,111011011111,38
252,111011101111,394
253,001001101010,60
254,111000111001,15
255,010011101001,19
256,101101010111,227
257,000010011001,46
258,010011101111,72
259,100111011011,18
260,010010000101,34
261,011001101111,68
262,001011011011,38
263,000101100000,13
264,110011011000,25
265,110111100100,3
266,001011101011,267
267,111010011010,82
268,010110001010,23
269,001000111011,43
270,001110101101,5
271,000010010111,42
272,011011000011,449
273,010011011011,131
274,000011010110,124
275,001010011010,53
276,111111110011,71
277,001001110101,118
278,101101101101,195
279,101101111011,767
280,011111111111,381
281,011001010111,152
282,000000011110,5
283,000001010010,202
284,000010110001,8
285,011010010001,155
286,011111101011,157
287,001001110001,108
288,000010010110,78
289,010000011000,48
290,000011000001,100
291,001001110111,72
292,111111110111,203
293,111001101111,52
294,110011101111,68
295,101111100100,18
296,000101100101,40
297,111111000111,43
298,101001010010,62
299,010010001001,208
300,111011111010,151
301,110111100011,75
302,001101111000,31
303,011101000000,2
304,011011011011,176
305,111011111100,25
306,101000110011,55
307,000010000101,19
308,110110001001,97
309,001100110001,4
310,101010111011,62
311,001011110001,117
312,111101101101,233
313,110010001010,164
314,111001000101,4
315,010111101010,9
316,110111010111,14
317,100000010001,57
318,011111011110,22
319,110011111110,37
320,111111110001,84
321,111010000001,21
322,010111100010,45
323,010010010011,163
324,000000010001,84
325,001111110110,25
326,101011100101,56
327,111111011001,32
328,001001011011,29
329,101111010111,239
330,101101110010,183
331,011001111111,81
332,111101111001,482
333,011011100111,130
334,111011111001,52
335,101101111010,358
336,101101110000,163
337,001101111111,152
338,111110101001,15
339,111111101110,171
340,100010011010,70
341,010110000010,21
342,110111000111,13
343,001111100101,587
344,001001101111,70
345,111001010011,20
346,001101101001,160
347,001101111100,62
348,111101101111,425
349,101101010101,348
350,011010001110,8
351,011011000110,33
352,111011100110,8
353,110110000001,15
354,111011100111,109
355,000010010100,68
356,111101101100,26
357,000001010011,120
358,101111100111,368
359,001111110001,335
360,100011010010,37
361,110010000001,69
362,011001101011,94
363,110101101011,14
364,001001111101,52
365,011111111010,78
366,110110011000,98
367,110111100111,25
368,101111100011,448
369,110111101111,94
370,011101101100,40
371,011111111101,432
372,110011101110,20
373,010010110001,23
374,101110110111,17
375,011010001011,236
376,001101010010,31
377,000011100110,25
378,101010111111,77
379,010100011000,31
380,011011001110,26
381,001011010101,29
382,110010001110,22
383,011111010110,11
384,110101111101,45
385,100101111010,15
386,001101110000,56
387,101001110010,33
388,011011010011,88
389,001011100101,98
390,111101110101,200
391,111111010111,54
392,111101101011,341
393,110000011110,10
394,001101111001,130
395,110111101011,24
396,111110111111,50
397,011001010001,23
398,111110111001,22
399,011101111001,96
400,000010011010,65
401,010011111100,25
402,011010111111,109
403,010011011100,18
404,010010000110,45
405,010000011010,96
406,000011110000,18
407,001011111000,35
408,101111100101,451
409,110011100010,16
410,010011010000,83
411,111010100010,2
412,011010000111,32
413,111111101001,226
414,110111101110,31
415,110111111110,389
416,111011000001,17
417,111111100101,131
418,001001100011,48
419,010000001000,15
420,101010101011,50
421,011001111011,72
422,000010010101,33
423,111000000111,16
424,110011100011,251
425,000001010001,105
426,010011111011,27
427,100001010101,17
428,011010000100,12
429,011011011110,38
430,011110011000,12
431,000001000011,97
432,011110011101,4
433,000111000000,46
434,101001110001,98
435,111011101010,169
436,001110111110,4
437,110110001010,40
438,100010010101,23
439,110101110101,25
440,001111101111,249
441,010010011010,220
442,011001110001,25
443,010111110010,45
444,100010011001,47
445,010011100111,105
446,110101111011,38
447,001001000011,265
448,000111100011,12
449,111111011110,142
450,001101010001,86
451,111101111110,281
452,101001101110,8
453,100000010100,8
454,100101010000,53
455,011101111100,35
456,011010001000,44
457,011011100011,60
458,011011100101,99
459,101101010011,208
460,111110111100,29
461,110110011001,106
462,000001011001,11
463,011011101001,240
464,000011111110,35
465,000001010110,56
466,001110100000,3
467,110001101111,15
468,000011011011,27
469,001010101011,52
470,111101101001,212
471,101011111000,22
472,110111100010,12
473,010010010001,417
474,100101011001,12
475,101110111111,19
476,101010001000,16
477,100101111101,28
478,111001111011,95
479,110110011110,24
480,010111001110,21
481,001010111010,38
482,010001000010,37
483,001101011001,11
484,111101111000,116
485,000000010011,118
486,000010010000,85
487,010010000011,194
488,001101111110,40
489,010000000101,4
490,100011000110,16
491,001011100000,76
492,011111001011,24
493,101111110100,61
494,101010011010,55
495,100101010001,78
496,001111111001,63
497,001011010111,33
498,101110100101,14
499,100010001010,33
500,111001110010,7
501,111110011001,27
502,010000011001,68
503,110011000111,26
504,100010011011,78
505,000011010010,127
506,011110111111,16
507,110101101111,36
508,000101011000,15
509,011111111011,78
510,001011000001,100
511,001111110111,118
512,110110001011,79
513,010001110011,10
514,000011000111,99
515,110111111100,95
516,110011000110,7
517,010011100110,177
518,000000101000,4
519,001011010011,65
520,001011100111,111
521,001110011100,4
522,101101011101,40
523,011101110011,24
524,010001101011,14
525,111111010011,15
526,100011111000,17
527,111010110111,20
528,000111110110,18
529,101111101100,42
530,001110010101,1
531,010000001101,1
532,111001001011,12
533,101010110111,50
534,010111110001,5
535,010000010001,41
536,101000000001,20
537,010010111011,27
538,011011110100,28
539,101000101011,44
540,000001001001,8
541,010011111101,47
542,101111101011,271
543,111101010110,43
544,010001110010,47
545,010111011000,24
546,001011101101,131
547,011010011111,35
548,000010000111,27
549,011111100111,112
550,111110111110,34
551,110101101100,5
552,111001000011,16
553,001001010011,175
554,010101011111,14
555,100111010001,21
556,010101000011,4
557,000011100100,5
558,110011110111,33
559,000001101100,3
560,001101010111,29
561,111111010101,60
562,101001100111,28
563,000111000100,13
564,100011010011,47
565,101001110100,8
566,010101101111,46
567,001011111011,105
568,010011000110,106
569,010101111011,15
570,100011001011,38
571,000100000101,3
572,100111001100,1
573,011101100001,53
574,010010010110,65
575,111111111001,191
576,001001010111,46
577,011010111010,86
578,111000101111,19
579,011110000001,3
580,001001111011,121
581,111111101011,225
582,110010101011,28
583,101101000101,52
584,100101100110,5
585,101100000011,10
586,110001011111,27
587,011111101001,106
588,101001100011,47
589,110010010101,47
590,101011101001,37
591,001111000011,19
592,001001100001,117
593,000010010010,74
594,111101011010,93
595,101010010010,16
596,101101110110,143
597,110010110111,20
598,001000010111,7
599,101000011011,22
600,111011000010,12
601,000101111011,21
602,010011000111,70
603,011000011110,17
604,111011011110,18
605,110001110111,12
606,111010111001,48
607,100011111111,29
608,011101010010,7
609,111010001001,119
610,101101101111,268
611,111001110011,22
612,101011111010,134
613,100001111011,25
614,011011100110,76
615,000010111110,3
616,110010111101,18
617,001101100000,95
618,111011111111,313
619,100101000011,56
620,110101111010,20
621,101101100111,173
622,101011101111,95
623,000010000001,43
624,111101110011,146
625,110110011101,22
626,101001101100,5
627,011010110010,6
628,001101110010,30
629,001011101010,138
630,100010010100,10
631,010010111000,11
632,110001011001,21
633,100101100101,19
634,100110000101,6
635,010011011000,61
636,100101111110,110
637,011111101110,94
638,000011010000,84
639,010010110000,36
640,111011111101,177
641,111011001001,33
642,001101101011,245
643,111011100101,57
644,011011111101,249
645,011000010000,7
646,110001010001,12
647,010111000010,16
648,000011111010,59
649,000101101001,7
650,110010011001,337
651,111111110100,36
652,011010010011,101
653,111111011101,212
654,100010110001,11
655,110011111011,45
656,101011110001,75
657,001111111101,252
658,111111111010,73
659,111001111010,52
660,010010000000,222
661,101001010000,35
662,010010001000,87
663,001001011110,24
664,100101110101,87
665,011010101001,153
666,110011011001,41
667,000101011011,23
668,010010100110,7
669,101101010000,70
670,010111111100,24
671,111111101100,126
672,011101101011,105
673,001010010011,18
674,011010010000,55
675,100001111110,19
676,100111100001,42
677,100101101111,22
678,001001000000,49
679,110010011000,122
680,110000010010,32
681,010110001000,43
682,001011011010,39
683,000010010001,98
684,110101110001,17
685,100101010110,12
686,000110011010,11
687,101011011011,25
688,111001011011,14
689,110111011111,48
690,111110111101,38
691,100011101101,7
692,001101110111,124
693,011010111001,202
694,011010001111,33
695,001101000101,33
696,111110100101,9
697,110001001011,37
698,101001100100,9
699,001001111111,101
700,000000000001,38
701,011111100001,114
702,010111011100,7
703,110011101001,46
704,011011001111,81
705,111110011111,26
706,110010111011,61
707,100001000000,34
708,111101111100,71
709,010111010000,23
710,101011100001,177
711,111011000101,7
712,100100010001,25
713,011011001101,30
714,010011010011,54
715,010011010001,47
716,100011000000,24
717,011001011000,6
718,111011110111,63
719,000011010100,45
720,111010101010,117
721,010011110100,42
722,000011111111,27
723,001010001011,26
724,010101011000,21
725,111101100101,58
726,110011001111,43
727,010011000010,210
728,011101111010,51
729,101011011111,13
730,011010101101,41
731,110001011000,13
732,110010010011,77
733,001001110110,17
734,101001110011,105
735,110101011111,13
736,001011111010,228
737,100101110011,20
738,101001111001,40
739,001011111101,98
740,101100101010,4
741,111110101010,21
742,011011101101,341
743,111000010011,19
744,101000110001,36
745,110000011001,45
746,110011110011,47
747,000100011010,24
748,001111111110,36
749,110101011001,23
750,001011000010,32
751,000101101101,28
752,010111001011,21
753,111001110001,11
754,111001111111,107
755,111010011000,39
756,110101111001,11
757,000000100011,2
758,110010011111,66
759,010000010000,51
760,100111101100,4
761,111111011100,65
762,000110010110,20
763,111010001101,18
764,011010001010,63
765,110011011110,30
766,001000101011,25
767,110010001101,47
768,011011111001,115
769,011001101010,50
770,010010010010,136
771,011010010101,60
772,001011101001,96
773,010011100000,46
774,100111010011,9
775,110010001000,103
776,010111011011,17
777,010111000111,15
778,001011010000,29
779,101011010011,22
780,100011110111,28
781,011000011101,6
782,011011110101,90
783,111010101111,162
784,011001010000,10
785,001001000001,145
786,010100011010,45
787,001011111001,37
788,101111010101,124
789,000001010000,149
790,010110100010,4
791,110010100001,24
792,010101011011,30
793,010010011000,198
794,001001110100,21
795,010010001010,75
796,010111100011,49
797,100001100111,8
798,010001111111,29
799,001011100011,64
800,000101000110,10
801,001001101011,218
802,001111101010,16
803,101011000001,31
804,011011100001,44
805,011111101101,810
806,101011111101,96
807,010011110000,49
808,001111101001,96
809,001011101000,38
810,001001100101,187
811,111001100101,9
812,000100010010,33
813,110100010111,2
814,110010111111,60
815,100011000011,31
816,001101110100,45
817,101010001101,5
818,111010001010,92
819,101001101111,26
820,110010010010,26
821,000010001011,20
822,101010010011,17
823,101111110110,137
824,011011111111,273
825,011111001111,26
826,111010011001,61
827,010011111111,90
828,000101110010,16
829,110000010011,49
830,101111010001,95
831,111110101111,26
832,000011010011,57
833,110111101100,13
834,111000110001,3
835,001100011001,5
836,101001101011,46
837,101010110101,25
838,001111111100,48
839,010011101010,66
840,100001000111,20
841,110010000000,33
842,010001100010,36
843,111011001010,41
844,010011101011,67
845,011001010011,67
846,010001001011,36
847,011101101110,28
848,100010000111,32
849,101111000011,36
850,010011111110,82
851,001011110101,59
852,101110001010,7
853,100011100001,30
854,101011111111,203
855,101111000111,42
856,111101001011,31
857,101001101001,33
858,101000010011,35
859,011111110110,43
860,101101011111,50
861,111011101000,85
862,110011110001,16
863,001110001011,3
864,001111000101,23
865,111111001100,13
866,011000101101,3
867,001001111010,105
868,111001000010,9
869,111010001011,128
870,101011100100,8
871,010011110001,22
872,101001000010,21
873,011000111010,14
874,000101001011,12
875,110011000101,15
876,101011101000,43
877,101011101010,72
878,100011110110,22
879,101001010001,69
880,010111111101,85
881,010101111111,48
882,110110101001,12
883,100100100010,3
884,111011010010,10
885,100011000101,54
886,101000110010,16
887,101111010100,24
888,101111011000,6
889,001111011111,8
890,011010111000,61
891,010000001011,37
892,001011111110,68
893,100001010000,51
894,110011101101,35
895,101111101010,11
896,010011001110,39
897,111101101000,40
898,000011110101,12
899,011011010000,15
900,101011110111,104
901,001111010001,25
902,011000110110,2
903,011011001010,104
904,100001011000,8
905,100011010000,21
906,101110000101,3
907,011111010111,15
908,101010100111,24
909,001111101110,25
910,111101011011,88
911,111000100001,8
912,011001110111,30
913,011011010111,42
914,000010001001,20
915,100001010100,11
916,011101101001,91
917,100110010001,11
918,110011001010,45
919,100001010001,87
920,100000111111,14
921,000101111101,32
922,100111010100,18
923,000011101010,28
924,001101000001,122
925,000011100010,28
926,111111011010,48
927,011000101011,28
928,001101011011,24
929,100111011110,12
930,101001111010,69
931,010111110110,41
932,001011101110,29
933,100000111101,2
934,011011101100,55
935,100001110000,17
936,110010010111,31
937,110110001111,23
938,111101110000,20
939,000011000000,88
940,101100100011,3
941,000011001110,16
942,010000011111,10
943,111010000101,13
944,011101011010,16
945,100011100010,3
946,100111111010,12
947,000000010111,18
948,110000010101,3
949,010101101101,24
950,111101110110,65
951,110111101010,10
952,011000111110,3
953,100101100010,8
954,001010110000,19
955,011001011111,29
956,100011101111,19
957,110001111101,6
958,000101010000,155
959,111001111000,13
960,001001011111,34
961,010111101101,54
962,000100000010,6
963,000101000010,58
964,001000010000,16
965,111010111101,66
966,100000000000,12
967,000101111001,6
968,110000011100,4
969,010011000001,57
970,101001111101,39
971,000000011010,55
972,011111110111,66
973,011001000000,5
974,001001001010,13
975,110100001000,10
976,110010110101,8
977,010111111111,77
978,010111101111,59
979,010011001101,10
980,000011011010,41
981,110100011001,26
982,000111111101,24
983,000100010001,13
984,001011110000,36
985,111001111001,19
986,010111100101,30
987,101001000011,47
988,100100000000,6
989,001001000110,9
990,110110000111,2
991,011010101000,36
992,010001011011,57
993,011101111000,53
994,011011110001,22
995,011001000010,17
996,101000101001,14
997,110111111000,13
998,011010001101,32
999,111101010011,24
1000,110101101110,10
1001,001010001010,19
1002,101010111000,13
1003,101101111100,100
1004,000111010100,28
1005,101111000101,77
1006,011100011001,2
1007,001011010010,52
1008,011011000001,89
1009,000101010011,52
1010,111011110001,12
1011,000000010010,90
1012,101001110110,9
1013,000101010001,50
1014,000001000010,109
1015,101101000000,24
1016,111101010111,73
1017,110100011011,36
1018,010011100100,17
1019,001001011010,21
1020,110011011101,19
1021,011111101010,46
1022,011001111010,78
1023,101111011011,34
1024,011001110011,32
1025,110001111111,25
1026,111001010110,5
1027,111111010001,14
1028,100011010111,36
1029,011010011101,38
1030,111010110101,17
1031,100111010010,14
1032,011011100100,28
1033,111111001111,103
1034,110011001000,36
1035,111000011000,6
1036,000000011011,48
1037,001011110111,51
1038,001110010100,3
1039,000011011000,17
1040,110000011010,70
1041,100101111011,23
1042,001011000101,42
1043,001000110011,10
1044,100111110011,28
1045,001000001110,3
1046,001011110110,16
1047,101111000001,76
1048,000001111111,30
1049,100011001100,4
1050,110111111011,81
1051,000100010000,26
1052,011001101001,21
1053,100101001010,4
1054,011010000000,43
1055,111010111010,73
1056,100010000011,23
1057,000101010010,201
1058,111101101110,54
1059,110000011011,105
1060,011110111000,3
1061,111000101011,37
1062,111011110110,14
1063,100110101110,4
1064,110111110111,49
1065,011010110110,11
1066,101111111000,35
1067,100101110111,54
1068,101011010000,22
1069,100001110111,14
1070,000001110011,23
1071,100000010111,17
1072,010111101100,9
1073,001010100001,63
1074,101000010001,26
1075,100100010111,4
1076,000101000011,46
1077,111001001010,19
1078,011011101000,70
1079,100101110110,33
1080,101101110100,97
1081,110111011101,24
1082,010001001010,43
1083,011011001001,77
1084,011001100110,8
1085,001001111001,50
1086,110000001011,71
1087,111101101010,48
1088,000010010011,56
1089,101100110001,23
1090,111011001111,28
1091,011101001111,15
1092,011111110001,20
1093,111000000101,8
1094,111011001000,25
1095,110110111011,23
1096,101000101010,46
1097,010110000011,3
1098,111110011011,27
1099,010110010010,23
1100,101011000011,25
1101,001010010110,13
1102,000111101101,24
1103,100001001000,7
1104,110110101011,15
1105,001010000001,48
1106,100010001111,12
1107,101001111000,18
1108,111010010101,17
1109,100101110100,20
1110,111000110011,5
1111,001001010001,148
1112,111011111011,109
1113,110110011100,24
1114,100001000101,20
1115,001111101100,38
1116,110101110110,55
1117,001101000010,17
1118,010100010010,16
1119,010010011101,43
1120,101010111010,66
1121,011111100101,126
1122,000000011000,20
1123,100001000010,18
1124,101011111001,34
1125,101001101000,37
1126,001001100111,88
1127,111101100110,14
1128,110011011111,45
1129,001010001100,7
1130,001001010100,23
1131,011011111000,47
1132,111110011000,14
1133,110010000011,50
1134,111000000011,21
1135,111000111111,41
1136,001011101111,122
1137,010101000101,5
1138,010000000011,31
1139,000000011001,30
1140,001101010101,55
1141,100101110010,16
1142,001110110001,8
1143,010011011110,41
1144,010101110110,13
1145,100101111001,7
1146,111101011111,71
1147,100101101110,7
1148,101110111001,9
1149,010011110101,40
1150,111010010010,22
1151,010010001111,16
1152,111011100100,4
1153,001011010001,60
1154,100110001010,4
1155,000101001001,12
1156,111101100001,50
1157,101011100011,50
1158,101011111011,110
1159,010110000111,4
1160,010011110011,44
1161,011001000011,106
1162,010111111110,27
1163,100001011001,8
1164,011001011011,37
1165,100111011010,20
1166,101111100110,31
1167,111110011101,18
1168,111100110110,3
1169,010011010110,62
1170,000010100110,2
1171,101000010010,26
1172,110100010011,14
1173,100010011111,25
1174,001111011011,6
1175,110000000011,24
1176,101000100101,11
1177,010001001000,3
1178,010011101101,36
1179,101101101110,36
1180,101110100111,16
1181,001101001010,9
1182,000001001000,10
1183,000101111111,31
1184,000111100000,24
1185,000001101010,26
1186,000111011010,21
1187,100010001001,17
1188,000111011101,2
1189,111010011101,26
1190,000111111111,18
1191,001111011101,15
1192,011110010000,8
1193,100011011011,29
1194,111111001110,51
1195,011011001100,10
1196,000001111110,24
1197,011101010101,17
1198,100110010000,14
1199,101100011010,3
1200,110111001111,27
1201,011111001010,16
1202,000101010100,15
1203,111010111011,102
1204,011111100110,29
1205,101101010010,101
1206,000101111100,14
1207,010111101110,19
1208,101001000001,29
1209,010000000000,19
1210,001010010100,9
1211,011001101101,48
1212,111101010001,49
1213,100001000001,70
1214,110110011111,30
1215,011101111011,96
1216,111010101101,63
1217,111000111110,5
1218,111000011001,8
1219,001001110011,60
1220,011011010010,57
1221,010010111111,24
1222,010011101110,47
1223,100001010010,56
1224,110101011000,21
1225,111101011001,101
1226,101101100010,40
1227,001111111011,62
1228,101100010101,8
1229,101000110000,7
1230,001001000101,52
1231,101100011011,6
1232,011011011001,55
1233,001010001000,10
1234,010111100110,32
1235,010110000001,8
1236,010110111010,2
1237,001000001011,6
1238,111100101011,8
1239,000111000101,16
1240,000111010000,52
1241,110001001000,19
1242,001001010010,91
1243,010011001001,44
1244,100101110000,12
1245,000001111001,6
1246,101101100000,44
1247,100111111101,37
1248,100111000111,12
1249,101011001011,20
1250,111110101101,22
1251,110110000011,12
1252,111010101001,162
1253,010010110011,16
1254,110111101000,5
1255,000011101110,15
1256,110100001010,37
1257,110101111110,133
1258,001001010101,144
1259,000011000100,41
1260,011000010011,20
1261,000010011000,60
1262,101111111010,51
1263,000101110110,8
1264,010010101101,15
1265,110001010000,4
1266,010101101000,1
1267,011010101100,9
1268,111101010000,16
1269,011101100110,5
1270,101101100110,14
1271,101000000000,13
1272,001001100100,18
1273,101010011111,18
1274,011001101000,13
1275,101101011010,44
1276,011111000000,5
1277,010011110110,53
1278,000001000100,6
1279,100011000001,49
1280,010011000011,183
1281,100000100011,7
1282,101110001000,6
1283,011010110100,6
1284,111001101010,43
1285,010111000000,8
1286,100010111011,17
1287,110111011011,54
1288,000000110010,7
1289,001101011101,14
1290,001001111110,37
1291,101010111001,13
1292,111101110010,70
1293,001101101100,39
1294,010010011111,34
1295,111001011010,19
1296,100011100011,20
1297,000101011010,33
1298,101000001010,6
1299,000110010001,6
1300,011111010101,18
1301,100011011101,8
1302,101110100001,23
1303,011110110110,5
1304,100101111100,21
1305,111110011100,9
1306,111101100111,74
1307,011111000111,10
1308,010010010100,77
1309,101011011001,10
1310,111010001000,65
1311,001011001011,48
1312,101011010100,5
1313,111101011100,14
1314,111111010110,19
1315,101011101011,81
1316,111101110001,128
1317,001000010001,36
1318,100000011010,49
1319,111011000111,22
1320,100011011111,7
1321,010001110110,18
1322,011111101100,94
1323,101010111101,20
1324,010110111101,4
1325,110000110110,5
1326,010101010001,5
1327,010111110111,20
1328,100011010110,53
1329,010111000011,15
1330,101110101000,5
1331,100100010011,26
1332,001000000011,32
1333,001111111010,22
1334,110110001110,26
1335,111100110100,2
1336,111001010111,19
1337,001011000110,18
1338,011001110000,33
1339,011010111101,98
1340,110011001001,46
1341,101001101010,56
1342,110100001011,49
1343,111101011101,80
1344,000000110101,6
1345,010001111101,10
1346,001010111100,8
1347,011101110111,41
1348,001111010110,16
1349,010001011001,25
1350,011011111100,50
1351,010111110100,23
1352,010011011111,32
1353,001111000001,45
1354,010000001001,27
1355,110111000101,7
1356,111010001111,47
1357,101101101000,20
1358,100011010001,39
1359,000010110101,6
1360,010100111101,2
1361,101110011100,2
1362,001001111000,20
1363,011001100011,26
1364,111011101001,112
1365,100001101011,13
1366,100011010101,18
1367,000011110110,24
1368,101010101010,51
1369,101111011101,54
1370,100011111100,3
1371,110010010110,6
1372,011010100011,18
1373,100111101011,5
1374,000000101111,2
1375,111001110101,13
1376,111111110010,7
1377,010011111010,44
1378,111010011111,81
1379,100001110010,24
1380,110111110101,31
1381,000111101010,2
1382,111011101100,25
1383,110001001001,22
1384,000001110100,7
1385,110011011100,12
1386,110001100101,2
1387,100010011110,14
1388,010000000010,30
1389,110001010010,8
1390,111101001101,14
1391,001011011000,6
1392,100111010110,27
1393,000000010000,51
1394,100001010111,20
1395,101010101001,38
1396,100011111010,30
1397,000001110010,35
1398,111000101101,4
1399,011000000011,25
1400,100011000111,50
1401,111100110101,4
1402,101010101000,29
1403,001110100101,10
1404,010001001001,9
1405,011000000001,10
1406,000101011001,8
1407,110101001001,17
1408,110101100011,6
1409,000111000111,22
1410,000101100001,24
1411,010001011111,11
1412,110011111111,72
1413,001111110011,88
1414,101101100100,33
1415,100001100001,29
1416,101010100101,28
1417,101010110011,35
1418,011111110100,32
1419,010101000100,5
1420,111111001010,14
1421,001000100001,11
1422,000010100101,2
1423,001010100011,18
1424,010010000100,52
1425,011011101110,104
1426,111011001100,8
1427,100010010110,31
1428,111010000010,20
1429,101001100001,58
1430,000011010001,37
1431,000000110100,3
1432,111111100110,21
1433,011011010001,43
1434,011110010101,6
1435,111111100001,58
1436,010111011010,46
1437,010000101111,5
1438,110010101101,17
1439,001010101101,11
1440,010110010100,20
1441,100101010101,15
1442,001110111010,9
1443,100111101101,11
1444,100111111001,11
1445,010111010110,33
1446,011010011110,25
1447,011010011000,56
1448,100010110111,9
1449,110110000000,11
1450,111000111010,25
1451,111111110000,3
1452,000000000010,22
1453,111101000101,15
1454,000101110101,18
1455,101100101111,6
1456,001111000100,11
1457,111110111011,21
1458,001000110000,6
1459,111110110110,6
1460,011110101101,14
1461,010101001111,9
1462,101011110100,9
1463,000011001000,14
1464,000111011000,2
1465,100000000011,32
1466,011101111110,54
1467,100111111000,8
1468,101000011010,11
1469,001010100000,10
1470,011001010010,28
1471,110010011101,62
1472,111011101110,37
1473,111001010001,10
1474,111101010100,34
1475,111011111000,25
1476,001111001001,25
1477,001001000111,36
1478,100001010011,102
1479,101011010111,11
1480,100100011001,6
1481,001011111111,109
1482,011010100000,3
1483,000001110101,14
1484,111111110110,66
1485,110110111100,4
1486,011001010101,32
1487,000010000000,28
1488,010000110100,3
1489,011111000101,17
1490,100100110100,1
1491,101000110111,18
1492,011110001000,4
1493,001010111000,17
1494,010101010011,7
1495,100101010010,61
1496,101010010111,13
1497,001010010001,26
1498,101000000011,36
1499,101011010010,19
1500,100101011000,14
1501,100011110101,17
1502,110111011001,36
1503,110011101011,54
1504,010000110011,4
1505,101111110010,38
1506,111001100011,11
1507,101011011010,29
1508,110011110110,7
1509,001010011001,25
1510,000001100101,18
1511,001101100010,32
1512,000111000001,57
1513,010101000000,6
1514,010100011101,1
1515,111011011010,39
1516,011010110101,19
1517,100101011011,16
1518,000001011110,20
1519,110110010001,17
1520,000101110100,6
1521,110001100001,7
1522,001111110000,59
1523,010001011010,66
1524,010001000110,6
1525,010001100111,5
1526,111110111010,21
1527,001001001011,20
1528,001000110101,18
1529,101110111011,22
1530,011111011010,21
1531,111011110100,14
1532,101010011011,54
1533,000010001101,5
1534,111010011110,25
1535,011001011001,7
1536,100111111011,25
1537,001010101111,10
1538,110001110010,8
1539,001111000111,15
1540,110011111001,14
1541,110100101001,2
1542,010001000000,9
1543,101001001010,7
1544,000011001011,32
1545,110010100101,12
1546,111110101011,35
1547,000001011010,39
1548,000011110100,13
1549,110010001100,13
1550,110000101111,7
1551,011010000101,59
1552,101000010100,7
1553,011010010100,23
1554,000000000000,18
1555,011001111110,31
1556,101001000101,12
1557,011010101110,7
1558,100111110110,34
1559,100010010010,32
1560,110010110001,22
1561,101001110111,52
1562,101101010110,58
1563,001110100110,1
1564,010110011111,4
1565,110011000011,37
1566,000111001010,14
1567,101011001010,10
1568,111000111100,1
1569,000111010010,27
1570,110000111010,10
1571,110010110011,22
1572,011110011110,14
1573,101101001111,15
1574,111100001110,2
1575,010101101110,8
1576,000110010011,3
1577,000001011011,44
1578,101100110011,17
1579,011011110110,40
1580,101000010000,12
1581,100100011101,4
1582,111001110110,11
1583,101011101100,7
1584,011011110111,75
1585,100001110110,14
1586,001011000111,48
1587,101111000010,8
1588,111111010000,11
1589,101010100011,9
1590,111001101011,63
1591,001101010100,16
1592,110111000010,5
1593,011010010110,16
1594,100000011111,11
1595,011011011000,23
1596,100001111001,10
1597,010111011110,38
1598,111011110101,33
1599,101011001111,8
1600,110100011111,4
1601,010010010101,60
1602,001000111001,14
1603,100010101001,3
1604,100111101111,24
1605,011011010101,25
1606,010111010010,21
1607,111010100101,7
1608,010110110000,18
1609,100101110001,42
1610,010110010001,13
1611,110011101010,19
1612,110010111000,12
1613,001110101100,2
1614,011000011010,14
1615,000110011100,6
1616,000011001010,28
1617,011011011101,30
1618,100010101111,9
1619,011001100010,26
1620,100111110101,30
1621,010010101010,8
1622,100001000100,13
1623,101001000000,30
1624,110010100010,4
1625,100011111110,29
1626,010100011011,10
1627,000001000101,5
1628,110101110100,16
1629,011101010111,17
1630,101101000111,32
1631,100111000100,2
1632,010011011001,45
1633,110011100001,43
1634,101110010001,6
1635,011111011101,27
1636,110100011010,35
1637,000101101111,24
1638,001010101010,25
1639,110111110001,13
1640,110101001011,26
1641,101010100001,36
1642,110100000001,5
1643,011010110011,33
1644,001101000011,30
1645,001111010011,12
1646,101110011111,6
1647,101000101000,27
1648,111011011001,17
1649,100110011010,10
1650,001011001101,8
1651,101001100110,5
1652,000111110101,23
1653,110000010001,13
1654,111100111101,6
1655,000010000110,26
1656,010101001001,9
1657,101110101101,2
1658,010011011101,9
1659,000011100001,24
1660,001000110010,8
1661,000001001011,18
1662,110011111010,27
1663,111010111000,38
1664,010011010010,84
1665,000110010000,20
1666,101011111110,28
1667,101000111101,8
1668,100010001011,37
1669,001010000010,14
1670,101101000011,60
1671,011101100111,45
1672,110111101101,40
1673,010010001101,23
1674,001101010011,29
1675,001111010000,13
1676,110111001101,9
1677,011001100001,21
1678,110110010010,12
1679,011011010110,26
1680,000011111001,5
1681,011001011110,12
1682,000010000100,32
1683,010111111011,10
1684,011001000111,40
1685,100110111110,2
1686,011011100010,31
1687,110010111110,15
1688,001111100010,12
1689,010010100001,7
1690,010110010101,5
1691,001110100011,1
1692,111001001111,9
1693,100011100101,12
1694,100110001001,7
1695,100110000110,4
1696,011000001111,8
1697,011010100111,20
1698,000101000101,8
1699,111000001000,7
1700,001111110100,35
1701,110011111100,10
1702,001001010000,61
1703,110101011101,10
1704,101111011110,39
1705,111011111110,39
1706,010110011010,40
1707,110111100101,11
1708,111010000110,7
1709,110111110110,37
1710,100100110011,6
1711,011010111100,7
1712,100110010011,6
1713,110010101111,35
1714,100101100001,16
1715,100011101001,13
1716,100100010010,19
1717,110001111110,12
1718,101000111001,15
1719,111100111011,14
1720,001100100101,4
1721,101001010100,10
1722,110110001000,35
1723,111010010100,7
1724,010011001100,9
1725,011000110101,6
1726,111101100010,11
1727,001010011011,23
1728,100111100011,18
1729,101010001011,18
1730,011001111001,17
1731,111111000101,32
1732,001111001111,5
1733,010100010011,3
1734,111010010111,14
1735,001000111010,29
1736,001001110010,31
1737,101101101100,23
1738,000000110000,12
1739,101001001011,10
1740,111001111110,16
1741,100100101011,3
1742,110000110000,1
1743,000011011110,13
1744,100000001011,16
1745,100010010111,26
1746,111010010001,27
1747,000011111000,13
1748,101100001011,5
1749,110010000111,23
1750,000111110010,13
1751,010101011010,41
1752,110010101001,22
1753,100100011111,7
1754,101110100011,6
1755,100000001000,11
1756,101100111110,5
1757,100111010111,17
1758,001110101111,5
1759,111000011111,20
1760,000110000010,4
1761,100010000101,25
1762,101001100010,8
1763,011001110101,24
1764,010010110111,11
1765,010001100000,9
1766,100111001011,12
1767,000111110111,26
1768,011011100000,15
1769,111101001010,11
1770,111001101000,15
1771,100000100001,11
1772,011101011011,17
1773,001010001001,35
1774,011001000001,19
1775,010110110110,9
1776,111110110111,7
1777,011110101000,4
1778,101010101101,9
1779,011100011100,3
1780,001000011001,7
1781,101111100010,8
1782,110110111000,5
1783,010111001010,26
1784,001100111110,2
1785,001011110011,50
1786,111011010000,6
1787,101100010000,7
1788,010000111101,4
1789,100111111100,18
1790,000011000011,67
1791,010010101011,7
1792,010110010000,81
1793,010000000001,20
1794,111100011010,8
1795,111101010010,32
1796,110011001101,22
1797,001111010010,7
1798,111000101010,36
1799,001100110101,1
1800,011111001001,13
1801,101000001011,3
1802,111110001011,23
1803,100101100111,16
1804,010100001110,2
1805,011001011101,10
1806,001010011000,22
1807,100011001000,19
1808,011101110101,49
1809,010010111101,11
1810,100010111101,7
1811,101000100001,11
1812,011111010010,16
1813,010101101011,4
1814,000010011111,5
1815,010111000101,6
1816,011100110001,1
1817,010001010001,11
1818,010000000111,2
1819,001111001011,9
1820,111010001110,10
1821,110001010011,16
1822,000001010101,18
1823,111000110111,15
1824,100011101000,11
1825,100000011000,22
1826,000111010110,37
1827,101101000100,8
1828,110010010000,23
1829,011010010111,25
1830,101010010101,6
1831,110101010011,15
1832,101010001111,4
1833,001010110001,34
1834,011000001011,25
1835,011011010100,17
1836,111000010010,10
1837,100000101010,4
1838,100111110111,43
1839,010111110101,25
1840,111111111000,34
1841,101111011100,19
1842,111110011010,36
1843,010010010111,31
1844,100000110011,18
1845,010011101100,9
1846,001101101000,35
1847,001100010001,6
1848,100011100111,23
1849,000000001001,6
1850,001010010010,24
1851,011111000011,14
1852,001001000010,50
1853,110000001000,28
1854,000101111010,15
1855,010010110101,15
1856,000011000101,24
1857,010110010110,13
1858,010001110101,5
1859,001011001100,4
1860,011101101000,25
1861,101000010101,8
1862,100100011010,19
1863,110111010011,10
1864,011010110111,23
1865,100111000101,14
1866,001000010101,13
1867,101000101111,9
1868,101000011001,4
1869,011000011011,15
1870,110111000011,6
1871,110101111100,24
1872,110011100111,81
1873,111001001101,4
1874,100010110011,16
1875,111101011110,43
1876,010001111010,19
1877,100010101010,5
1878,110001110011,9
1879,101111001011,15
1880,000101100111,16
1881,110010000101,28
1882,111011000000,9
1883,110111001110,17
1884,110111110010,39
1885,111110010111,9
1886,100101011111,8
1887,110010011100,15
1888,111110000001,4
1889,110000000010,7
1890,101000011000,5
1891,110011111101,29
1892,011000111011,17
1893,100101010100,8
1894,001011100110,31
1895,111101000111,22
1896,101001100000,14
1897,010110010111,3
1898,101100111010,6
1899,101111101000,7
1900,011010000110,12
1901,010011001000,34
1902,111110010011,7
1903,000111100110,7
1904,000010011011,55
1905,110111111001,22
1906,000000010110,14
1907,110101011100,12
1908,111110001001,28
1909,010000001010,23
1910,000111000110,23
1911,001000001001,8
1912,001100101101,3
1913,001010110011,37
1914,000101100100,11
1915,010010101110,4
1916,110101100111,13
1917,111011010101,9
1918,011001010110,19
1919,010011010101,13
1920,110000000111,3
1921,001000010010,20
1922,010010001110,16
1923,001101101110,20
1924,100100000001,12
1925,000100001010,3
1926,010110011100,13
1927,001010110110,4
1928,100101000001,74
1929,101011110101,44
1930,001000101010,11
1931,011101001000,4
1932,011001000101,13
1933,000011101111,20
1934,010111010011,10
1935,110101001110,7
1936,111010011100,8
1937,010111101011,13
1938,110111111010,49
1939,001011001001,29
1940,000001100111,9
1941,011111110010,5
1942,100100011000,10
1943,111001100001,5
1944,110010011110,31
1945,100001100100,9
1946,111110111000,11
1947,011001111100,17
1948,100110000001,12
1949,101111001111,15
1950,101101001011,30
1951,110001000001,6
1952,110000001111,15
1953,010001010011,35
1954,101001011001,6
1955,010010011100,34
1956,010001011000,23
1957,011111011011,19
1958,010001101001,4
1959,001101100100,34
1960,111110101000,10
1961,001110011001,8
1962,001111010111,14
1963,010001001101,5
1964,111000010110,7
1965,011101110110,13
1966,111110000000,4
1967,101110011011,14
1968,110101000101,2
1969,010010110110,12
1970,011011110011,27
1971,011010100100,7
1972,000011100011,23
1973,100101000000,23
1974,000000010101,14
1975,010000100000,3
1976,001001100010,24
1977,000111000011,21
1978,101110111110,9
1979,101010000011,18
1980,011011000100,5
1981,101010000000,11
1982,010010100011,21
1983,111000111011,45
1984,110000111111,11
1985,100101011010,15
1986,011011001000,29
1987,110001010101,4
1988,111111000110,5
1989,011101011111,19
1990,001101101010,27
1991,100010100110,3
1992,101001001101,6
1993,001000101001,9
1994,011100111000,4
1995,100001100011,25
1996,011000111101,7
1997,000011111011,5
1998,010101110011,5
1999,001011001110,7
2000,110110010011,16
2001,000110011000,9
2002,011111100011,30
2003,011110011011,9
2004,011101000111,4
2005,100101101011,13
2006,110001011010,38
2007,011010110001,9
2008,000001111010,31
2009,101010011001,18
2010,111110110011,2
2011,110100110011,3
2012,110100011000,16
2013,111010101110,10
2014,100100000011,15
2015,001010111101,17
2016,010101111110,15
2017,101100100111,2
2018,001000110111,19
2019,010000110101,7
2020,101001100101,26
2021,011110101110,1
2022,000011110011,15
2023,101110011001,11
2024,100101000010,23
2025,001100000101,1
2026,110011110101,10
2027,101011110010,6
2028,010010100010,24
2029,000101111110,13
2030,110011101000,30
2031,010110001011,14
2032,110111001001,24
2033,101100111101,2
2034,110000001001,29
2035,110101011110,16
2036,001101011100,4
2037,010011001111,25
2038,010000001111,4
2039,111000000110,10
2040,100010101100,1
2041,100001110101,11
2042,101010001010,28
2043,010100011001,9
2044,110101010110,9
2045,101010101110,5
2046,000101101100,8
2047,110111100110,3
2048,111110001111,20
2049,011000001000,3
2050,000010011100,8
2051,100000110000,8
2052,100011111001,15
2053,010001000111,5
2054,101010010100,5
2055,000101001010,14
2056,100100101000,3
2057,100111010000,21
2058,111001011000,6
2059,101110110011,7
2060,101011110000,12
2061,100001110001,26
2062,111011000011,20
2063,000111000010,19
2064,110111011100,19
2065,001101001011,12
2066,110101100110,5
2067,101000111111,25
2068,001110001001,3
2069,011111100010,4
2070,110001101011,21
2071,010111001000,11
2072,110100001101,3
2073,001000011010,12
2074,010101011101,5
2075,100101001001,9
2076,111010000000,10
2077,111101001001,15
2078,110000011111,14
2079,110111110100,16
2080,100010111001,6
2081,110100010000,5
2082,111011100011,17
2083,101001010011,58
2084,111001000110,4
2085,001010010111,10
2086,010001111110,18
2087,011101110010,14
2088,100110010110,13
2089,011000101010,11
2090,001100110110,3
2091,011011000101,29
2092,001000111111,9
2093,010001011101,3
2094,011101011100,5
2095,100001111010,42
2096,010101001011,14
2097,100101010011,66
2098,001101001101,10
2099,001101010000,29
2100,010101000010,11
2101,110010111010,14
2102,000000111010,11
2103,011011011100,15
2104,111010100111,14
2105,011010000010,32
2106,001100011010,4
2107,100101011100,5
2108,010001111100,10
2109,111111101010,39
2110,011001001010,14
2111,110011000001,24
2112,100110011111,8
2113,000010000011,32
2114,000110000111,3
2115,110000011000,30
2116,101011010001,13
2117,100110010010,7
2118,000101100110,3
2119,100000011001,22
2120,000111011110,6
2121,010001101111,12
2122,011010001100,14
2123,111011110010,3
2124,111001000000,10
2125,011000100010,1
2126,100101001011,18
2127,111100010010,5
2128,110010101110,10
2129,100000010010,51
2130,001010000100,2
2131,000000111111,4
2132,101000010110,3
2133,000001101111,8
2134,100001011011,34
2135,101001000111,9
2136,101110011010,11
2137,010001110000,10
2138,000111001001,9
2139,100110011110,11
2140,110010100111,13
2141,000111101111,13
2142,010010111001,11
2143,010011100101,25
2144,001101000111,21
2145,010110011001,19
2146,010011101000,25
2147,011110011001,6
2148,010001010101,4
2149,000011100111,22
2150,011110101001,3
2151,000011100000,20
2152,000101100011,13
2153,100001001111,5
2154,011001111101,40
2155,000010111011,6
2156,000110010010,13
2157,100111000001,42
2158,011010100101,11
2159,000011101011,12
2160,111100111010,8
2161,010011110111,45
2162,110011100101,26
2163,110100010001,12
2164,110011101100,14
2165,010110000110,7
2166,000111101001,4
2167,111011100001,13
2168,010101111100,18
2169,101001001111,5
2170,011000101111,9
2171,111110001010,22
2172,110011010111,26
2173,110000110111,5
2174,001011011101,14
2175,100010000000,15
2176,011001001011,24
2177,000001010111,16
2178,100110101000,2
2179,001001110000,41
2180,101110010110,8
2181,111001010000,8
2182,110001111010,22
2183,011001010100,12
2184,000001111100,9
2185,010100001000,6
2186,110100110010,2
2187,000101000001,117
2188,001110010111,1
2189,001001100000,36
2190,100111100000,4
2191,101101101010,38
2192,111010000011,28
2193,000111100101,32
2194,001000000010,13
2195,001100111101,4
2196,100010000110,9
2197,011111101000,15
2198,011110000110,1
2199,111111001001,17
2200,101001011011,14
2201,011110101011,8
2202,111100110111,2
2203,100110011001,17
2204,010001100100,5
2205,000001100010,29
2206,010101011110,18
2207,111100110010,3
2208,101110001111,3
2209,111011011011,53
2210,000111011011,7
2211,011001001111,17
2212,101010011110,11
2213,101000100011,19
2214,101110001011,6
2215,010001010110,14
2216,100000110111,9
2217,000111111110,20
2218,100010111111,25
2219,111101000011,13
2220,100100101010,6
2221,100110001110,4
2222,110000001101,2
2223,111000001111,9
2224,110101011011,26
2225,110101010000,7
2226,111001001000,4
2227,011000110100,6
2228,010101111000,2
2229,101100010011,11
2230,001010011101,11
2231,001110011000,7
2232,000011001101,2
2233,011110010010,3
2234,101100110010,5
2235,111011001101,14
2236,001011011001,22
2237,110011001110,19
2238,100001101001,9
2239,100010010001,38
2240,010000010101,5
2241,010111010101,9
2242,110000110010,5
2243,001101011110,4
2244,011000110000,2
2245,001011111100,17
2246,010001100101,4
2247,011100101000,1
2248,110011011010,53
2249,101010011000,15
2250,000110010111,3
2251,010101110101,4
2252,010000011100,6
2253,100011011001,11
2254,100010000001,24
2255,010010100000,16
2256,001011101100,17
2257,110010101100,6
2258,111110110100,8
2259,010000010111,9
2260,100001001011,22
2261,101100000001,8
2262,110011010110,5
2263,010110011011,12
2264,011110110100,7
2265,000110111000,4
2266,110111010100,6
2267,101101000010,12
2268,100011001101,6
2269,000010001010,12
2270,010101011001,17
2271,010000010010,56
2272,001001101000,19
2273,001110000011,2
2274,001010010101,14
2275,001000110001,15
2276,100111001110,3
2277,000000001011,19
2278,001111011100,3
2279,000100011101,2
2280,100111011001,4
2281,001101001111,6
2282,111111000010,5
2283,111001100000,6
2284,010100001100,1
2285,111011011100,7
2286,110011100110,11
2287,010011111000,17
2288,100010111110,3
2289,001111000000,16
2290,111100111001,7
2291,101101011000,12
2292,001100111010,4
2293,101100111111,7
2294,001100101001,2
2295,001000100101,15
2296,011101000011,8
2297,100010110010,2
2298,100010010011,25
2299,001001101100,12
2300,000011110001,12
2301,111110010010,6
2302,000111010011,17
2303,010101100001,4
2304,110011000000,11
2305,011011000000,20
2306,100011001001,12
2307,110011010001,16
2308,001111010100,8
2309,100011101011,20
2310,000100010100,4
2311,100000100000,2
2312,001111100110,21
2313,010101111001,6
2314,101100011000,2
2315,000111010111,19
2316,100010100001,8
2317,010010111010,13
2318,000110111110,3
2319,001011001010,22
2320,100001101000,26
2321,000000001111,5
2322,011001110010,20
2323,111010101100,4
2324,001111101000,18
2325,001101000000,20
2326,001100111011,5
2327,000001000111,27
2328,110111010001,7
2329,110001101010,7
2330,010110001101,6
2331,011100000001,4
2332,000111111001,5
2333,010001011110,21
2334,011110111101,11
2335,101010110010,4
2336,000010001000,11
2337,101111100000,25
2338,111000000000,5
2339,000101110111,9
2340,010101010110,4
2341,011111110000,5
2342,110000111011,24
2343,000101001000,2
2344,011000001010,5
2345,101110101010,5
2346,100011100100,5
2347,110010010100,4
2348,000001001010,14
2349,100101001101,1
2350,101100110101,18
2351,110000010000,13
2352,000101001111,6
2353,000111100010,7
2354,101111101110,50
2355,100010111010,5
2356,100011000100,18
2357,011110011010,6
2358,100111101010,2
2359,111101100000,8
2360,111011010011,9
2361,001010111001,20
2362,100001100101,17
2363,010101110000,6
2364,010000111111,6
2365,001011011110,13
2366,000100010111,2
2367,010111010001,18
2368,110010111001,29
2369,101111000000,10
2370,110010101010,10
2371,110011010010,11
2372,000110010101,1
2373,100101000101,8
2374,110101010101,10
2375,001011000100,9
2376,011000110011,15
2377,110111001011,24
2378,111001100111,16
2379,110000100010,3
2380,111110001000,17
2381,010001000011,29
2382,010101100110,3
2383,011001001000,4
2384,100001001010,13
2385,111000011010,20
2386,110001101000,13
2387,000001010100,20
2388,001000100000,3
2389,001110110101,6
2390,001000110100,8
2391,001111011110,12
2392,100111100101,17
2393,111000010101,8
2394,001001011100,3
2395,110011111000,14
2396,000100111000,1
2397,010100100101,1
2398,101010000001,11
2399,110111010000,7
2400,010010000111,23
2401,101011011110,7
2402,000010110000,7
2403,000001101001,3
2404,101100011001,5
2405,110101000011,6
2406,110111110000,2
2407,110110110111,3
2408,000111110000,6
2409,000111111100,13
2410,011010011100,14
2411,100001111111,26
2412,111001000111,16
2413,111000001011,7
2414,111111011000,18
2415,100010001000,19
2416,111001011111,15
2417,100010111000,3
2418,011111011100,9
2419,001111110010,10
2420,110111010010,5
2421,101010110001,45
2422,001010100010,5
2423,010001010000,24
2424,001011011100,3
2425,100111010101,11
2426,001010110111,15
2427,001010011110,17
2428,011101110001,40
2429,000001110000,17
2430,000100000110,2
2431,000111001000,4
2432,010010101100,5
2433,101111010010,31
2434,101100110111,14
2435,101010000111,5
2436,000100000000,10
2437,010010101000,11
2438,110110110010,6
2439,001000101100,2
2440,000101101000,6
2441,111011010001,7
2442,100110000111,17
2443,101011000010,7
2444,100011101110,7
2445,011111011000,8
2446,110001111011,28
2447,111111100011,40
2448,111100000000,2
2449,001010000101,13
2450,000001100100,2
2451,011111010011,13
2452,110000101011,10
2453,101101001010,5
2454,001010000011,36
2455,100110100010,1
2456,101100111100,1
2457,000000110001,5
2458,011111001101,24
2459,100100111011,8
2460,101110110101,13
2461,010010011110,44
2462,110011000010,6
2463,001001101110,13
2464,100101010111,14
2465,110010111100,5
2466,010101010010,11
2467,000110100110,1
2468,100110000011,8
2469,110000111000,4
2470,111101001000,6
2471,001010110101,21
2472,000111011001,7
2473,100111000110,6
2474,011001011010,20
2475,100011101100,6
2476,100010011100,8
2477,010101101100,9
2478,101111010000,13
2479,101110001001,4
2480,011111010100,17
2481,010000101110,1
2482,100110011011,14
2483,000101010111,11
2484,001110101001,4
2485,110101001010,9
2486,011101110000,8
2487,001010101110,2
2488,101110111101,6
2489,101101000110,10
2490,100111110100,8
2491,101000110101,8
2492,101000000010,12
2493,101100111011,17
2494,000111110001,15
2495,001111001101,11
2496,001000100111,16
2497,000001101000,8
2498,010111011111,7
2499,001110000101,2
2500,000101110000,16
2501,111110010110,1
2502,100100001011,9
2503,100111000010,5
2504,011010100110,7
2505,001001100110,13
2506,110001000011,15
2507,001101111010,41
2508,000010000010,23
2509,001111011010,10
2510,110001010111,2
2511,100010001101,5
2512,000000011111,1
2513,001000101000,3
2514,100001100110,5
2515,110101010010,11
2516,100111011100,5
2517,001110101010,4
2518,000010100001,9
2519,110110010101,6
2520,001101011010,18
2521,100101011110,13
2522,110001100010,3
2523,111000000001,15
2524,110110010000,14
2525,110110111111,11
2526,100101100100,2
2527,010010111110,14
2528,101010000010,4
2529,000001100000,20
2530,010010101111,13
2531,111101100100,10
2532,100011111101,8
2533,100000000101,9
2534,011101100100,7
2535,011000100011,6
2536,100100010000,14
2537,101100010100,3
2538,011101100010,4
2539,111100011111,2
2540,000001100001,16
2541,010100000110,3
2542,001101010110,14
2543,010100101110,3
2544,011110001010,2
2545,000011100101,13
2546,101011100110,6
2547,100011110010,19
2548,100010010000,20
2549,000001011101,3
2550,101110001100,1
2551,000000001110,1
2552,110110111010,6
2553,111101000001,5
2554,111011110011,11
2555,000011101000,8
2556,010101001000,6
2557,010101001110,5
2558,100001001101,3
2559,001110001111,2
2560,110010110110,6
2561,000110000001,11
2562,110111010110,13
2563,110011010000,3
2564,001100110111,4
2565,001010011111,15
2566,011001111000,13
2567,011111010001,12
2568,110001111001,11
2569,100110011000,16
2570,111010110011,9
2571,110010100000,4
2572,101101011100,7
2573,100011110001,11
2574,000001110110,14
2575,011101001101,2
2576,101101001001,18
2577,101010001001,13
2578,000101010110,30
2579,110001011100,4
2580,010001001111,11
2581,000111110100,12
2582,001011100010,8
2583,111001101110,5
2584,101011100000,10
2585,100111100110,2
2586,001011110010,10
2587,101011010110,4
2588,010111110000,11
2589,101000111000,8
2590,011111011111,27
2591,011110010110,6
2592,010110001100,7
2593,010100001011,5
2594,100011001010,8
2595,110101010100,1
2596,010111001101,6
2597,011110111010,4
2598,101001000100,2
2599,110101100000,1
2600,111110001101,9
2601,101100001111,1
2602,101010111110,5
2603,110111010101,11
2604,100101001110,5
2605,100001101100,3
2606,000011111101,9
2607,010000011110,9
2608,001010100101,10
2609,101100010001,14
2610,000110100100,1
2611,100011010100,11
2612,010001101110,7
2613,100011111011,27
2614,011010111110,15
2615,101100011110,6
2616,000111010001,19
2617,110000111101,7
2618,001000010011,25
2619,000111101110,6
2620,001001001001,10
2621,110110101010,8
2622,001011010110,19
2623,110001101001,16
2624,000110110100,1
2625,000110000101,4
2626,100001011010,28
2627,010111111001,15
2628,001011000000,46
2629,110010110000,3
2630,010001001100,3
2631,010101001010,14
2632,000100010011,9
2633,111111101000,11
2634,001101001001,9
2635,110101010111,2
2636,101010100000,3
2637,100000011110,7
2638,010110101101,1
2639,010100010001,1
2640,111001100100,4
2641,111100111110,10
2642,101111001010,5
2643,011101011101,17
2644,110101110011,19
2645,010111100000,14
2646,010000010110,13
2647,101011011000,7
2648,100001001001,10
2649,111001100110,4
2650,010101100011,7
2651,001100010010,6
2652,010001111011,14
2653,011001101110,17
2654,001111000010,8
2655,100110100100,2
2656,000001100011,15
2657,101110010101,8
2658,011000111000,7
2659,000000001010,16
2660,110000000001,26
2661,000011110111,18
2662,111000100011,4
2663,111110101100,7
2664,111011010111,9
2665,000011001001,15
2666,001101110110,22
2667,101110000000,3
2668,111000001001,11
2669,000000111011,9
2670,100011011010,23
2671,101000001111,5
2672,100101100000,16
2673,101111001101,22
2674,100011110100,7
2675,010010100101,8
2676,111001011001,8
2677,011000010001,11
2678,111001011101,5
2679,010111101000,5
2680,000101110011,13
2681,011000010010,17
2682,110100101000,3
2683,110101110010,14
2684,100001110100,7
2685,100100110101,5
2686,111100111000,1
2687,100111101110,15
2688,010000001110,3
2689,010010110010,16
2690,111010110100,4
2691,000101010101,8
2692,111110100001,4
2693,100110000100,6
2694,001101100110,11
2695,010001000001,8
2696,010011111001,15
2697,010001110111,15
2698,101011111100,8
2699,011000111001,8
2700,110100001001,13
2701,010101110010,11
2702,100110111011,1
2703,100011001111,15
2704,110011110010,8
2705,000110001001,2
2706,000001101011,11
2707,001000011101,4
2708,000100000011,9
2709,000100111011,2
2710,011101001100,2
2711,110110000010,4
2712,101010101100,2
2713,100011110011,14
2714,001111011001,4
2715,010110001110,3
2716,001000111101,3
2717,111000000010,6
2718,110110010111,6
2719,101111001100,3
2720,011111010000,8
2721,101111011010,28
2722,100010011101,18
2723,000101101011,10
2724,100100001010,6
2725,010110110010,10
2726,100011100000,7
2727,000010110010,10
2728,110000111100,1
2729,011101011001,10
2730,100111110000,7
2731,100111000011,8
2732,000011001111,7
2733,010100011111,1
2734,100101101010,6
2735,011111001000,5
2736,001100111001,1
2737,101111000110,5
2738,110011001100,10
2739,110001110110,6
2740,111110110001,1
2741,011101100011,23
2742,001001001100,1
2743,110110100000,2
2744,001111000110,6
2745,001110010011,1
2746,000010100010,5
2747,110000101001,7
2748,101001010101,24
2749,110000010110,4
2750,001010101001,14
2751,010111100111,22
2752,000000001000,10
2753,011110010100,10
2754,001100011100,2
2755,101011101110,10
2756,100001011101,2
2757,011000111111,13
2758,011001100101,16
2759,111000111101,12
2760,101011000101,5
2761,001010110010,7
2762,101010010001,11
2763,100100100001,2
2764,001011011111,12
2765,111111000100,6
2766,101110101111,8
2767,110011100000,3
2768,110101111000,6
2769,110110000110,2
2770,010110111100,3
2771,111000011110,5
2772,010100001101,1
2773,100000001010,15
2774,100001100000,15
2775,100111101001,2
2776,000110010100,15
2777,111001111100,3
2778,110101101101,13
2779,011001100000,8
2780,000100111110,2
2781,110000011101,9
2782,111010000100,5
2783,100010000010,10
2784,000111110011,6
2785,000101101110,2
2786,010001110001,3
2787,101110010000,3
2788,010101111010,11
2789,000111101011,7
2790,010000100010,5
2791,000000011101,6
2792,000000101010,5
2793,110101100101,6
2794,111101001110,9
2795,100000111011,32
2796,100011011110,12
2797,001100111111,6
2798,000011011001,15
2799,100000111010,12
2800,110001011110,15
2801,011001001001,5
2802,011000011001,10
2803,100011100110,8
2804,100110100110,3
2805,100110011100,5
2806,100110111000,3
2807,110010000010,20
2808,011110001111,4
2809,001011001000,13
2810,010111011001,18
2811,010010001100,13
2812,010100000000,4
2813,010000100011,4
2814,001110110000,10
2815,110111001100,6
2816,111100111111,9
2817,100100001110,1
2818,010011000100,14
2819,100111011101,10
2820,101001010110,7
2821,000110000000,19
2822,001101000100,4
2823,000010110100,2
2824,100000101011,5
2825,010100000100,2
2826,111110011110,15
2827,000111111010,6
2828,011000011111,6
2829,000111100100,10
2830,111010111110,14
2831,111110100111,11
2832,010101100000,6
2833,000001110111,15
2834,011111011001,10
2835,000100000100,2
2836,001110001101,2
2837,010100011100,8
2838,000101000100,8
2839,100110110011,10
2840,000110001100,1
2841,011101010100,4
2842,010111011101,8
2843,100111011000,5
2844,101100001110,1
2845,000111001101,3
2846,101100100001,12
2847,001001010110,18
2848,111000010000,5
2849,010011010100,36
2850,110001110001,4
2851,000010001110,4
2852,101110110001,12
2853,110100000010,3
2854,101101001101,2
2855,000100110100,2
2856,001011010100,10
2857,111110000011,4
2858,110100111101,2
2859,000011010101,18
2860,100000111110,4
2861,111111000001,7
2862,110000010111,5
2863,001010011100,8
2864,110000110011,9
2865,100111001001,7
2866,011111001110,8
2867,011100011101,2
2868,100000001111,7
2869,111011000110,2
2870,110100111111,4
2871,010100110010,2
2872,101100100010,2
2873,000000110111,5
2874,011111100000,5
2875,111000101001,14
2876,111111001011,21
2877,011111000010,9
2878,111101000110,6
2879,100010000100,11
2880,101001110000,22
2881,000110000100,8
2882,111110000101,3
2883,010101011100,8
2884,100011101010,10
2885,111111100100,20
2886,000110111010,1
2887,111000011101,5
2888,110011010101,10
2889,101111001001,12
2890,101000100111,9
2891,001010100100,2
2892,100010110101,6
2893,101100111001,4
2894,110010000110,4
2895,110101001101,5
2896,100010100111,4
2897,100011001110,3
2898,010000000100,1
2899,011000110001,5
2900,000010001111,3
2901,100110001111,4
2902,011110010111,4
2903,110000000000,6
2904,011000000010,6
2905,101000100110,3
2906,001101011111,14
2907,111000100111,1
2908,110101001000,5
2909,001110010110,2
2910,111100000111,2
2911,000111011111,3
2912,001110110111,3
2913,101110101001,7
2914,000001100110,6
2915,100110001011,14
2916,001110010000,3
2917,010110011101,4
2918,000011011111,3
2919,010111100100,9
2920,101011000110,3
2921,001110111111,3
2922,010100111010,6
2923,011000000111,3
2924,111000010100,2
2925,110101101001,2
2926,100110110101,4
2927,111001000001,9
2928,001000000000,8
2929,101111000100,5
2930,000001111000,4
2931,101100000101,2
2932,011100011011,2
2933,011110001110,4
2934,101011000000,9
2935,001010101000,5
2936,001000001101,6
2937,011111110011,13
2938,011110000011,7
2939,101010010000,8
2940,001100101011,1
2941,000011101101,8
2942,111101011000,13
2943,111011011101,16
2944,110110101000,11
2945,000000010100,5
2946,100010101101,2
2947,000100111010,5
2948,111110110101,8
2949,011000100111,5
2950,110111000001,7
2951,001000011000,7
2952,101001111110,16
2953,101011110110,10
2954,110101000100,2
2955,001100100111,2
2956,001010100110,5
2957,110110101101,5
2958,010010101001,4
2959,010000110001,3
2960,010101101001,3
2961,011111000110,10
2962,001001001111,13
2963,000010100011,3
2964,111000001010,10
2965,111001110000,3
2966,111100110001,4
2967,001110001000,2
2968,110100111011,10
2969,100100111111,4
2970,001110110100,4
2971,111100010000,3
2972,110100110001,2
2973,001010000000,13
2974,010110010011,7
2975,001000000101,8
2976,100100010101,8
2977,111100011001,7
2978,100001011111,5
2979,011100110111,2
2980,101000001001,2
2981,101110010111,7
2982,010001011100,4
2983,110110101111,3
2984,010001000100,2
2985,111101000100,8
2986,000010100111,4
2987,010001101000,3
2988,001001001110,2
2989,111010001100,6
2990,011001110110,13
2991,101110111100,4
2992,001110111101,7
2993,010111000001,11
2994,101001011111,7
2995,000011111100,8
2996,110100111000,3
2997,111100000011,2
2998,100001000110,7
2999,100010100011,3
3000,010111001100,7
3001,000100011001,3
3002,110000101010,7
3003,011110011100,6
3004,110101100001,2
3005,010110000101,3
3006,110000100100,1
3007,101000010111,8
3008,101000011111,7
3009,000001101101,5
3010,010001101010,16
3011,010111101001,4
3012,010101101010,4
3013,011000010111,8
3014,100000101000,5
3015,111011001110,5
3016,000000110011,7
3017,101110000011,5
3018,000110001110,1
3019,011010110000,1
3020,010001001110,7
3021,001010010000,11
3022,000110011110,5
3023,111111010100,10
3024,110100111001,6
3025,010000110110,1
3026,001110010001,1
3027,111001001110,4
3028,001110110010,3
3029,000100010110,8
3030,100111101000,3
3031,110100110101,2
3032,001010001110,5
3033,101100101011,12
3034,011000001110,2
3035,101011100010,2
3036,010010111100,8
3037,010110001001,10
3038,111111000011,5
3039,001100110011,5
3040,010100010100,1
3041,000101011110,4
3042,101010001100,1
3043,101111001110,5
3044,000101110001,9
3045,100001011100,1
3046,110010000100,6
3047,110100000011,4
3048,011110001011,6
3049,001000111110,4
3050,101110011110,10
3051,111000101100,2
3052,100110010111,14
3053,101011010101,11
3054,000010101110,1
3055,010101110111,11
3056,011110111001,7
3057,001010111111,19
3058,100110000010,5
3059,110101010001,8
3060,010111001001,16
3061,001011100100,16
3062,101000111110,7
3063,101100110110,4
3064,111100011011,11
3065,101000011110,3
3066,100110101101,2
3067,100010111100,1
3068,000000100001,3
3069,111001010101,5
3070,100100110111,3
3071,111000010001,10
3072,011110111100,4
3073,011011110010,6
3074,010100101010,1
3075,001110110011,3
3076,100000000110,8
3077,010010110100,6
3078,010110000100,4
3079,101011011100,3
3080,001110011010,3
3081,110110101100,1
3082,001000110110,4
3083,111100000010,4
3084,000110110000,3
3085,111100001001,6
3086,110110110000,4
3087,011110110001,3
3088,000000100010,4
3089,001110100001,8
3090,110100001111,5
3091,100000100111,3
3092,000010111001,3
3093,010100010000,9
3094,101110111000,2
3095,011000110010,6
3096,010101100101,12
3097,111100011110,4
3098,011110100100,2
3099,100001001110,3
3100,011100001101,2
3101,000111011100,4
3102,111111100000,3
3103,011110110000,1
3104,011101001010,4
3105,100001101101,3
3106,011101010011,4
3107,010110111110,7
3108,001100101111,2
3109,011010100001,10
3110,001000011111,9
3111,010001101101,4
3112,110001001111,7
3113,000100011011,5
3114,101101001100,2
3115,110001100100,1
3116,011000010101,6
3117,100111001000,3
3118,110110100011,3
3119,110000111001,13
3120,111000000100,4
3121,110000100011,1
3122,111010110001,7
3123,111100001010,6
3124,100011011000,15
3125,010000111011,4
3126,010010100111,10
3127,000100011110,2
3128,000000100000,3
3129,100111001111,5
3130,111110100010,1
3131,001000011110,4
3132,001100110100,1
3133,010111010111,6
3134,101000001100,1
3135,100000001001,9
3136,000111001011,7
3137,100110100011,1
3138,011101000010,3
3139,100000110010,6
3140,011110000000,2
3141,011110000010,2
3142,100100010110,2
3143,010010100100,8
3144,100000010101,12
3145,000111101000,3
3146,111001100010,10
3147,011000101001,5
3148,000000000100,8
3149,111001011110,11
3150,101010100010,3
3151,101110101011,9
3152,100111001010,1
3153,001010111110,6
3154,011101000001,7
3155,100001010110,16
3156,010001111000,5
3157,001111001100,3
3158,101001001001,3
3159,000010011101,5
3160,010110100000,4
3161,111100101111,6
3162,101100010010,5
3163,001001011101,6
3164,110000110001,6
3165,100111011111,5
3166,010111001111,8
3167,100001101111,7
3168,101101001000,2
3169,010000110010,5
3170,100010110110,4
3171,010000111100,2
3172,110001100000,3
3173,010101010100,4
3174,100011110000,10
3175,000110000110,12
3176,101100100110,2
3177,001000111000,4
3178,111001010100,5
3179,010111111010,4
3180,001000101111,6
3181,010111100001,5
3182,000110001010,2
3183,110000001110,5
3184,000111001111,5
3185,000100110011,3
3186,111010010000,7
3187,101110001101,3
3188,100110111111,5
3189,100001100010,4
3190,001010100111,10
3191,101001011000,3
3192,000100001111,1
3193,101100101001,4
3194,110111001010,15
3195,001100110010,2
3196,011101001011,6
3197,110010100100,2
3198,001010000111,10
3199,000001110001,8
3200,111110010000,5
3201,101110000100,1
3202,100000000010,11
3203,100101001100,1
3204,010100010101,2
3205,111010100011,6
3206,110111000110,5
3207,011100111101,3
3208,000101001110,1
3209,100000101111,5
3210,000111111011,4
3211,110011110000,4
3212,111100010001,5
3213,001000010100,2
3214,100101111000,6
3215,111010000111,10
3216,000011101100,6
3217,011000100000,2
3218,011110001100,1
3219,100111100100,4
3220,100000000111,8
3221,110000100110,1
3222,100001101110,3
3223,111100010101,7
3224,000001111011,12
3225,000000000111,5
3226,100110100001,5
3227,101010110100,3
3228,011110001101,3
3229,101010110110,5
3230,100100111100,1
3231,011100110110,1
3232,110100101011,3
3233,011100011110,3
3234,101111001000,1
3235,111100101000,1
3236,111100010111,4
3237,010001100001,5
3238,000100001011,4
3239,111000101110,2
3240,100000011101,1
3241,001100001001,2
3242,100001111000,6
3243,010001111001,3
3244,101000011101,3
3245,110110001100,9
3246,101000001000,2
3247,111000110110,4
3248,010000011101,8
3249,011001110100,7
3250,100000110001,9
3251,110001101101,4
3252,010001100011,14
3253,100110010101,11
3254,011000001101,5
3255,100000101110,4
3256,110110110011,5
3257,011101000101,6
3258,001100011111,3
3259,000110001101,2
3260,011010100010,1
3261,001000011011,18
3262,010000000110,4
3263,111010010110,3
3264,111100110000,3
3265,111011010110,3
3266,111010100001,6
3267,110001101100,2
3268,010101000001,3
3269,011101001110,2
3270,001001111100,8
3271,001111111000,12
3272,100010001110,3
3273,000000000101,3
3274,111110000111,2
3275,001100011000,2
3276,100010101110,4
3277,011101001001,8
3278,011001001110,4
3279,100100110010,7
3280,010001000101,1
3281,011001101100,6
3282,000001001111,3
3283,110100101010,4
3284,101011001000,4
3285,100111110010,11
3286,101100010111,3
3287,100111000000,4
3288,001100111100,1
3289,100001111101,6
3290,100100000010,8
3291,001111001000,3
3292,110110110101,2
3293,011100001010,1
3294,100011000010,10
3295,001010001101,5
3296,111100001011,9
3297,011000101000,2
3298,110010100110,2
3299,111100010011,6
3300,101001111100,3
3301,011001000110,11
3302,000101001101,2
3303,010101110001,5
3304,001111001010,3
3305,000101111000,3
3306,011111111000,11
3307,111100111100,1
3308,111100101010,4
3309,011101010110,3
3310,001100010000,3
3311,000100111111,2
3312,000100011111,1
3313,000100110010,3
3314,110000111110,4
3315,110110111101,3
3316,011101010000,4
3317,101010100110,1
3318,010100001111,1
3319,110100111010,3
3320,110000101000,3
3321,011111000001,5
3322,110101110000,2
3323,011001011100,4
3324,011100101001,2
3325,111110010101,4
3326,011100110011,2
3327,000110110111,2
3328,001110011101,2
3329,110111000000,2
3330,100000111000,5
3331,110101101010,2
3332,011111001100,8
3333,101011000111,12
3334,000010110110,2
3335,100100110110,3
3336,101000100000,3
3337,001111011000,7
3338,110001110000,1
3339,111000001100,2
3340,110100111110,3
3341,000011001100,1
3342,001101001000,4
3343,101100110100,1
3344,100101101101,9
3345,110110100101,2
3346,101110000001,8
3347,101011001001,7
3348,101110111010,8
3349,001100010101,1
3350,101001000110,4
3351,010110101111,1
3352,110001111000,9
3353,100100001100,2
3354,110111100001,2
3355,011001000100,3
3356,101000100010,5
3357,011111000100,6
3358,000100011000,7
3359,110110111110,3
3360,011100101111,3
3361,110100100011,2
3362,100100011110,3
3363,110001000111,2
3364,101100111000,3
3365,100100000101,5
3366,110011010100,6
3367,110001100011,2
3368,010000111000,3
3369,100100111010,6
3370,110000100001,1
3371,011110111011,6
3372,000000110110,1
3373,010110100111,2
3374,001101011000,4
3375,000011011100,4
3376,010001100110,6
3377,111101001100,2
3378,001001000100,10
3379,010001010111,8
3380,000100000001,8
3381,001100010111,1
3382,011110001001,4
3383,110001101110,7
3384,101001101101,17
3385,001110000001,2
3386,010000101000,1
3387,000010111000,3
3388,100110101010,3
3389,110001000010,2
3390,110100011110,1
3391,011101011000,4
3392,000101100010,3
3393,001101000110,1
3394,000001001110,2
3395,101010111100,1
3396,000100110000,4
3397,100000100010,4
3398,000110011011,1
3399,010110110100,5
3400,011110110111,6
3401,011000001001,8
3402,011100000011,2
3403,000000111001,3
3404,110101000000,1
3405,011000100101,4
3406,000010101000,2
3407,010100110111,1
3408,000111101100,3
3409,110110100001,2
3410,010100101111,1
3411,100110110001,2
3412,100000110100,1
3413,111100000101,2
3414,010111111000,7
3415,101001001000,4
3416,000010001100,3
3417,010101100100,1
3418,001001011000,3
3419,011110111110,4
3420,011000110111,6
3421,100100101100,1
3422,100101000111,5
3423,110101101000,2
3424,010110001111,2
3425,111000100010,1
3426,111000100100,1
3427,101110000111,2
3428,111001011100,4
3429,111001001100,1
3430,111100001000,4
3431,000001011111,6
3432,000100110101,1
3433,100000101101,1
3434,111100110011,3
3435,100100100011,2
3436,010101100010,5
3437,001001001000,2
3438,101101001110,6
3439,001110000100,1
3440,000110011101,1
3441,000001111101,8
3442,010100000011,4
3443,101110011000,2
3444,111100101001,4
3445,101010110000,4
3446,011001001101,4
3447,110001001101,3
3448,100110010100,5
3449,111110000010,4
3450,011100110101,2
3451,111010111100,8
3452,011000100110,1
3453,111100101110,1
3454,011101110100,9
3455,010000111010,4
3456,111010100100,1
3457,010110111011,4
3458,010100011110,8
3459,100111001101,3
3460,101110011101,2
3461,011100001111,1
3462,101110010011,2
3463,000111001110,3
3464,000000111100,1
3465,110001100111,2
3466,100000110101,3
3467,001000011100,2
3468,000000111101,4
3469,000110110001,1
3470,000000101101,1
3471,010100000010,3
3472,111000100110,1
3473,001101001100,1
3474,101001011010,12
3475,011101011110,6
3476,110000101110,3
3477,111000110100,1
3478,111001110100,5
3479,001100100010,1
3480,101010000110,2
3481,101100110000,3
3482,110010110010,4
3483,101010011101,5
3484,111110001110,4
3485,000010101111,2
3486,011110100011,2
3487,100110110111,1
3488,101100100101,1
3489,110111000100,1
3490,001000100100,2
3491,100101000110,1
3492,101110110110,4
3493,100000100101,1
3494,111000110010,5
3495,001101001110,2
3496,110110101110,4
3497,100101011101,2
3498,110100011100,4
3499,011100011000,2
3500,111100001111,5
3501,100001011110,4
3502,100010100100,2
3503,001010101100,4
3504,101010010110,3
3505,000010111010,5
3506,000101011101,2
3507,111100010110,3
3508,100100000111,4
3509,011011110000,10
3510,111111100010,3
3511,110010110100,3
3512,100100101101,1
3513,001000001010,2
3514,111110010100,3
3515,000100100010,1
3516,100100000110,3
3517,011000010110,2
3518,010000101011,2
3519,101110101110,2
3520,010000110000,1
3521,011110110101,3
3522,111011000100,3
3523,111110100100,1
3524,110110110110,4
3525,011000000101,2
3526,010111000100,7
3527,000000000110,3
3528,011110100111,7
3529,111001001001,3
3530,100000001110,2
3531,110101000110,1
3532,100100111000,4
3533,011100100010,1
3534,001100110000,2
3535,101000000100,2
3536,000010111111,5
3537,100010110000,3
3538,110001011101,3
3539,011110000111,2
3540,111101000010,4
3541,001100011101,1
3542,000110001000,3
3543,001001001101,2
3544,010101100111,4
3545,110100110100,1
3546,111000110101,2
3547,101011001101,1
3548,001100101100,1
3549,100000100110,1
3550,110001000110,2
3551,010001010100,2
3552,110111100000,2
3553,101100001001,1
3554,011000010100,5
3555,110110100111,1
3556,101110101100,1
3557,111011100010,3
3558,100110111001,3
3559,010000111110,1
3560,111010110110,1
3561,110000010100,2
3562,000100100101,1
3563,010101010111,2
3564,001001011001,2
3565,010000110111,5
3566,001110011110,2
3567,100100100111,1
3568,111000001110,4
3569,110001000101,1
3570,010100010111,1
3571,011000000100,1
3572,101100000010,1
3573,000101011111,3
3574,011100101011,2
3575,011100010100,1
3576,010110100110,1
3577,110110100010,1
3578,001100011011,3
3579,010001110100,4
3580,110110100110,2
3581,100110001000,7
3582,100111100010,4
3583,000111010101,5
3584,111100011100,3
3585,001110101011,3
3586,000000111000,2
3587,001100010011,3
3588,010110101000,1
3589,011000011100,3
3590,010101000110,2
3591,101110110000,2
3592,111110010001,3
3593,000110111001,3
3594,010100010110,1
3595,111000110000,2
3596,011001100100,5
3597,110100011101,2
3598,110001110101,3
3599,011000011000,5
3600,101011001110,4
3601,100110110110,2
3602,000001101110,6
3603,000110110101,1
3604,110001000000,3
3605,100101101001,2
3606,000110101111,1
3607,100110011101,4
3608,111011100000,3
3609,101010011100,2
3610,111100011101,2
3611,101110100110,1
3612,011100111010,2
3613,001010000110,2
3614,001100000010,2
3615,110000101100,1
3616,100110110010,2
3617,100010100101,2
3618,101100000111,1
3619,101000111100,1
3620,011101100000,3
3621,011110101010,3
3622,000100101010,1
3623,101110100000,1
3624,100100111001,3
3625,100100000100,1
3626,010110111000,2
3627,101100101101,2
3628,001110010010,2
3629,000110100000,3
3630,001000001111,2
3631,110001110100,1
3632,110101100100,1
3633,011110110011,1
3634,110011000100,1
3635,100100101110,1
3636,101000000111,2
3637,011101010001,4
3638,101010000101,4
3639,100110100111,1
3640,101100010110,1
3641,111001000100,4
3642,101110010010,3
3643,110000110101,2
3644,111000111000,3
3645,101110000010,2
3646,000010110011,4
3647,001100000001,3
3648,110110000101,1
3649,011100100011,1
3650,000100100011,1
3651,000010101100,1
3652,001010110100,4
3653,100101000100,2
3654,101100011100,2
3655,101100011111,2
3656,011110011111,5
3657,010110101001,1
3658,111100101101,3
3659,110110010110,4
3660,011101000100,1
3661,001100000100,2
3662,110110110001,3
3663,010101001101,1
3664,100000010110,3
3665,000010110111,4
3666,010110110011,1
3667,001110001110,2
3668,100100100000,1
3669,001110101000,2
3670,011110100110,2
3671,111111000000,3
3672,100101001111,4
3673,010100111111,1
3674,010101000111,3
3675,110100100010,2
3676,110110110100,3
3677,101010001110,1
3678,010110111111,1
3679,011100001011,2
3680,111000001101,2
3681,101100101000,1
3682,000100101111,2
3683,011001001100,2
3684,100110101111,2
3685,011100010000,1
3686,000000111110,1
3687,000111001100,1
3688,111011110000,1
3689,111100001101,1
3690,011100111110,2
3691,100100001001,2
3692,110100000101,1
3693,010110110001,2
3694,011100100001,1
3695,011110010001,1
3696,101100100000,2
3697,001000101101,1
3698,000000001100,1
3699,000011011101,1
3700,011000000110,3
3701,000010101101,1
3702,100001001100,2
3703,010100111001,1
3704,101000000110,1
3705,111110110000,4
3706,111101000000,3
3707,010110100100,3
3708,100100110000,3
3709,011100110010,1
3710,011100011111,2
3711,001100100001,2
3712,000100001000,1
3713,011110101100,1
3714,011110010011,2
3715,000010100000,2
3716,111010110010,3
3717,001110011011,2
3718,111110110010,2
3719,110001001110,2
3720,101000101100,2
3721,101001011110,3
3722,000010111100,3
3723,001000000100,1
3724,110000001100,1
3725,101010100100,2
3726,001100010100,1
3727,010000100111,1
3728,100010001100,2
3729,011100010111,1
3730,000000101011,1
3731,010101010000,1
3732,010100111000,1
3733,101011011101,1
3734,001100111000,1
3735,100100101111,1
3736,001000000111,4
3737,101110100100,1
3738,101000101101,1
3739,101001011101,2
3740,010000100110,1
3741,001100001111,1
3742,001000010110,4
3743,101010000100,1
3744,000110001011,1
3745,100000110110,2
3746,100110101001,1
3747,001111001110,1
3748,010000101010,3
3749,110001010110,2
3750,100000101100,1
3751,001110110110,2
3752,100110101011,1
3753,111010100000,1
3754,100101101000,1
3755,111001101100,2
3756,100100110001,2
3757,111110101110,3
3758,010001101100,3
3759,011100111111,1
3760,100010101000,2
3761,011100111100,2
3762,001110111001,1
3763,000000011100,2
3764,000000001101,2
3765,001000000110,2
3766,001100001011,1
3767,111100010100,2
3768,110110000100,1
3769,001000100010,1
3770,100000101001,1
3771,011000001100,1
3772,000110100001,1
3773,111100100101,1
3774,001110000111,1
3775,001100000011,1
3776,001000101110,2
3777,001100000110,1
3778,001110000010,2
3779,001100101000,1
3780,110000101101,1
3781,011100010010,1
3782,001110111011,3
3783,110110010100,2
3784,010110110101,2
3785,000110111111,1
3786,101001001100,1
3787,011110100101,3
3788,111100100011,1
3789,001000001100,1
3790,100110110000,2
3791,101001001110,1
3792,110000110100,1
3793,001100100000,1
3794,110100000000,1
3795,101110110100,1
3796,011000100001,1
3797,100100011100,1
3798,001100011110,1
3799,000100101011,1
3800,100100001000,1
3801,100110100000,2
3802,110101000111,1
3803,110001100110,1
3804,111110001100,1
3805,101000001110,1
3806,111110100110,1
3807,011100111011,1
3808,000100101000,1
3809,000110011111,1
3810,011110000101,1
3811,111011010100,1
3812,100000001101,1
3813,010100000001,1
3814,001000001000,1
